<?xml version="1.0" encoding="UTF-8" standalone="yes"?>
<addon id="repository.lwx-kodi-repo" version="1.0.0" name="lwx-kodi-repo" provider-name="lwx">
    <extension point="xbmc.addon.repository" name="lwx-kodi-repo">
        <dir>
            <info compressed="false">https://lwxyz.me/kodi/addons.xml</info>
            <checksum>https://lwxyz.me/kodi/addons.xml.md5</checksum>
            <datadir zip="true">https://lwxyz.me/kodi/</datadir>
        </dir>
    </extension>
    <extension point="xbmc.addon.metadata">
        <summary lang="en">lwx-kodi-repo</summary>
        <description lang="en">lwx-kodi-repo</description>
        <platform>all</platform>
    </extension>
</addon>